Gender,Height,Weight,Age,Activity,Target,BMR,BMR X ACT,DEFISIT,KEBUTUHAN,Cluster
1,174,96,43,1.375,-4,1965.389,2702.409875,-2200,502.409875,2
1,189,87,35,1.2,-2,1962.217,2354.6604,-1100,1254.6604,0
0,185,110,24,1.2,-4,1933.973,2320.7676,-2200,120.7676,2
0,195,104,19,1.375,-4,1931.121,2655.291375,-2200,455.291375,2
1,149,67,37,1.9,-4,1490.963,2832.8297,-2200,632.8297,3
1,189,104,42,1.55,-4,2150.227,3332.85185,-2200,1132.85185,0
1,147,92,40,1.2,-3,1799.259,2159.1108,-1650,509.1108,2
1,154,111,65,1.2,-3,1945.47,2334.564,-1650,684.564,3
1,174,90,29,1.9,-4,1964.485,3732.5215,-2200,1532.5215,1
0,169,103,33,1.2,-3,1780.706,2136.8472,-1650,486.8472,2
1,195,81,32,1.375,-4,1927.66,2650.5325,-2200,450.5325,2
0,159,80,16,1.55,-4,1610.655,2496.51525,-2200,296.51525,2
0,192,101,35,1.55,-3,1824.806,2828.4493,-1650,1178.4493,0
1,155,51,26,1.55,-2,1367.852,2120.1706,-1100,1020.1706,0
1,191,79,36,1.55,-3,1858.962,2881.3911,-1650,1231.3911,0
0,153,107,39,1.375,-2,1742.146,2395.45075,-1100,1295.45075,1
0,157,110,72,1.55,-3,1639.389,2541.05295,-1650,891.05295,3
1,140,129,24,1.2,-4,2352.187,2822.6244,-2200,622.6244,3
1,144,80,18,1.2,-2,1748.992,2098.7904,-1100,998.7904,0
1,172,139,46,1.2,-4,2514.831,3017.7972,-2200,817.7972,3
1,157,110,74,1.55,-5,1895.377,2937.83435,-2750,187.83435,2
0,153,90,64,1.2,-1,1476.697,1772.0364,-550,1222.0364,0
0,169,90,60,1.375,-1,1543.585,2122.429375,-550,1572.429375,1
1,185,139,70,1.2,-5,2440.97,2929.164,-2750,179.164,2
0,172,67,30,1.375,-3,1470.098,2021.38475,-1650,371.38475,2
0,151,64,53,1.375,-2,1277.709,1756.849875,-1100,656.849875,3
1,190,95,53,1.9,-4,1972.006,3746.8114,-2200,1546.8114,1
1,187,62,23,1.9,-5,1685.818,3203.0542,-2750,453.0542,2
0,163,70,26,1.375,-3,1487.277,2045.005875,-1650,395.005875,2
1,179,152,40,1.55,-5,2756.647,4272.80285,-2750,1522.80285,1
1,153,100,45,1.2,-2,1906.844,2288.2128,-1100,1188.2128,0
1,178,52,26,1.375,-3,1491.626,2050.98575,-1650,400.98575,2
0,195,65,33,1.725,-2,1509.868,2604.5223,-1100,1504.5223,1
0,160,131,28,1.2,-3,2033.39,2440.068,-1650,790.068,3
0,157,153,38,1.725,-5,2184.23,3767.79675,-2750,1017.79675,0
0,189,99,30,1.2,-5,1818.668,2182.4016,-2750,-567.5984,2
0,197,114,29,1.2,-4,1986.487,2383.7844,-2200,183.7844,2
1,144,80,37,1.725,-4,1641.129,2830.947525,-2200,630.947525,3
0,171,152,18,1.725,-5,2304.955,3976.047375,-2750,1226.047375,0
0,185,81,43,1.2,-1,1583.54,1900.248,-550,1350.248,1
0,175,120,32,1.375,-2,1960.823,2696.131625,-1100,1596.131625,1
0,149,108,29,1.55,-3,1782.301,2762.56655,-1650,1112.56655,0
1,157,56,38,1.9,-3,1376.311,2614.9909,-1650,964.9909,0
1,161,118,39,1.2,-3,2220.444,2664.5328,-1650,1014.5328,0
0,182,126,39,1.2,-3,2007.681,2409.2172,-1650,759.2172,3
1,185,76,43,1.725,-5,1750.238,3019.16055,-2750,269.16055,2
0,188,80,34,1.2,-1,1622.557,1947.0684,-550,1397.0684,1
1,181,111,20,1.2,-3,2330.508,2796.6096,-1650,1146.6096,0
1,161,72,19,1.725,-3,1717.722,2963.07045,-1650,1313.07045,1
1,140,121,40,1.2,-3,2154.179,2585.0148,-1650,935.0148,0
0,168,135,42,1.9,-5,2034.542,3865.6298,-2750,1115.6298,0
0,176,54,41,1.725,-3,1314.649,2267.769525,-1650,617.769525,3
1,163,110,29,1.2,-3,2179.636,2615.5632,-1650,965.5632,0
1,172,105,30,1.375,-4,2150.165,2956.476875,-2200,756.476875,3
1,196,116,30,1.2,-3,2412.708,2895.2496,-1650,1245.2496,0
0,187,89,24,1.725,-3,1745.982,3011.81895,-1650,1361.81895,1
1,172,92,22,1.55,-4,2021.42,3133.201,-2200,933.201,0
1,155,88,21,1.375,-2,1891.926,2601.39825,-1100,1501.39825,1
0,164,88,22,1.55,-3,1674.141,2594.91855,-1650,944.91855,0
1,143,88,26,1.375,-2,1805.953,2483.185375,-1100,1383.185375,1
0,191,54,25,1.2,-2,1430.399,1716.4788,-1100,616.4788,3
0,141,143,40,1.375,-3,2033.532,2796.1065,-1650,1146.1065,0
1,193,54,35,1.2,-2,1539.312,1847.1744,-1100,747.1744,3
1,190,83,39,1.375,-3,1890.72,2599.74,-1650,949.74,0
1,175,135,28,1.2,-3,2577.826,3093.3912,-1650,1443.3912,1
0,179,158,36,1.375,-3,2307.281,3172.511375,-1650,1522.511375,1
0,172,96,38,1.375,-2,1703.621,2342.478875,-1100,1242.478875,0
0,168,59,33,1.9,-2,1370.74,2604.406,-1100,1504.406,1
0,164,82,36,1.2,-2,1558.039,1869.6468,-1100,769.6468,3
0,194,136,24,1.375,-3,2202.277,3028.130875,-1650,1378.130875,1
0,153,51,29,1.375,-2,1267.614,1742.96925,-1100,642.96925,3
1,178,117,34,1.55,-4,2317.015,3591.37325,-2200,1391.37325,1
1,141,80,26,1.55,-2,1689.179,2618.22745,-1100,1518.22745,1
1,180,88,26,1.375,-3,1983.516,2727.3345,-1650,1077.3345,0
0,185,100,34,1.2,-3,1798.203,2157.8436,-1650,507.8436,2
0,197,154,31,1.725,-5,2347.707,4049.794575,-2750,1299.794575,1
1,165,90,20,1.2,-2,1972.387,2366.8644,-1100,1266.8644,0
0,168,90,35,1.9,-3,1648.737,3132.6003,-1650,1482.6003,1
0,176,122,32,1.55,-4,1982.415,3072.74325,-2200,872.74325,3
1,181,51,44,1.55,-2,1390.44,2155.182,-1100,1055.182,0
1,164,75,34,1.2,-1,1687.155,2024.586,-550,1474.586,1
0,166,140,34,1.55,-4,2109.221,3269.29255,-2200,1069.29255,0
0,190,105,29,1.2,-3,1881.578,2257.8936,-1650,607.8936,3
1,186,118,36,1.2,-4,2357.45,2828.94,-2200,628.94,3
1,168,123,38,1.2,-4,2326.699,2792.0388,-2200,592.0388,3
1,198,96,42,1.2,-2,2086.242,2503.4904,-1100,1403.4904,1
0,175,141,43,1.725,-5,2107.38,3635.2305,-2750,885.2305,3
1,145,117,21,1.2,-2,2232.449,2678.9388,-1100,1578.9388,1
0,159,104,33,1.2,-3,1758.973,2110.7676,-1650,460.7676,2
0,185,140,20,1.2,-3,2228.703,2674.4436,-1650,1024.4436,0
0,178,154,31,1.375,-3,2288.845,3147.161875,-1650,1497.161875,1
0,183,96,27,1.375,-4,1785.329,2454.827375,-2200,254.827375,2
0,194,111,22,1.55,-4,1979.762,3068.6311,-2200,868.6311,3
1,177,61,27,1.55,-2,1601.723,2482.67065,-1100,1382.67065,1
1,197,119,43,1.2,-4,2383.897,2860.6764,-2200,660.6764,3
0,170,156,42,1.375,-3,2234.925,3073.021875,-1650,1423.021875,1
1,142,69,21,1.375,-2,1574.996,2165.6195,-1100,1065.6195,0
1,160,139,25,1.2,-3,2576.46,3091.752,-1650,1441.752,1
1,195,69,35,1.725,-4,1749.865,3018.517125,-2200,818.517125,3
0,190,50,28,1.55,-3,1377.323,2134.85065,-1650,484.85065,2
1,199,156,40,1.2,-4,2906.215,3487.458,-2200,1287.458,1
1,154,105,20,1.9,-5,2120.553,4029.0507,-2750,1279.0507,1
1,161,55,26,1.2,-3,1450.234,1740.2808,-1650,90.2808,2
0,198,145,31,1.55,-5,2267.582,3514.7521,-2750,764.7521,3
0,192,140,20,1.2,-2,2250.389,2700.4668,-1100,1600.4668,1
1,195,126,38,1.55,-5,2496.463,3869.51765,-2750,1119.51765,0
1,166,160,43,1.55,-5,2784.405,4315.82775,-2750,1565.82775,1
1,159,154,39,1.375,-5,2693.138,3703.06475,-2750,953.06475,0
0,181,106,34,1.375,-2,1841.293,2531.777875,-1100,1431.777875,1
1,149,66,28,1.2,-1,1528.659,1834.3908,-550,1284.3908,1
0,150,70,30,1.725,-2,1429.683,2466.203175,-1100,1366.203175,1
0,146,157,30,1.375,-3,2221.78,3054.9475,-1650,1404.9475,1
1,190,135,28,1.2,-3,2649.811,3179.7732,-1650,1529.7732,1
0,192,90,43,1.725,-4,1688.449,2912.574525,-2200,712.574525,3
0,177,96,31,1.375,-3,1749.421,2405.453875,-1650,755.453875,3
1,148,60,33,1.2,-1,1415.093,1698.1116,-550,1148.1116,0
0,165,57,47,1.725,-1,1282.332,2212.0227,-550,1662.0227,1
0,146,104,18,1.375,-3,1783.649,2452.517375,-1650,802.517375,3
1,144,108,24,1.2,-3,2090.046,2508.0552,-1650,858.0552,3
0,176,60,20,1.725,-4,1461.061,2520.330225,-2200,320.330225,2
0,168,87,25,1.2,-2,1664.296,1997.1552,-1100,897.1552,3
1,187,122,28,1.2,-4,2461.253,2953.5036,-2200,753.5036,3
1,187,78,16,1.725,-4,1939.909,3346.343025,-2200,1146.343025,0
0,184,90,20,1.725,-5,1763.255,3041.614875,-2750,291.614875,2
0,158,60,36,1.725,-2,1336.017,2304.629325,-1100,1204.629325,0
1,158,96,28,1.2,-2,1973.76,2368.512,-1100,1268.512,0
1,194,80,29,1.55,-5,1926.495,2986.06725,-2750,236.06725,2
0,145,79,43,1.9,-3,1441.126,2738.1394,-1650,1088.1394,0
1,182,151,18,1.2,-4,2882.541,3459.0492,-2200,1259.0492,0
1,154,54,48,1.2,-1,1278.35,1534.02,-550,984.02,0
0,168,139,33,1.2,-3,2110.5,2532.6,-1650,882.6,3
0,187,70,43,1.725,-4,1488.019,2566.832775,-2200,366.832775,2
0,158,153,36,1.725,-5,2195.988,3788.0793,-2750,1038.0793,0
0,167,110,43,1.2,-2,1795.939,2155.1268,-1100,1055.1268,0
0,171,155,43,1.375,-5,2224.446,3058.61325,-2750,308.61325,2
0,183,150,24,1.375,-4,2297.657,3159.278375,-2200,959.278375,0
0,190,156,39,1.375,-3,2309.875,3176.078125,-1650,1526.078125,1
1,194,108,19,1.375,-4,2358.381,3242.773875,-2200,1042.773875,0
1,171,70,32,1.9,-4,1665.117,3163.7223,-2200,963.7223,0
1,159,124,39,1.375,-3,2291.228,3150.4385,-1650,1500.4385,1
0,169,54,36,1.725,-3,1314.613,2267.707425,-1650,617.707425,3
0,167,85,39,1.2,-2,1582.084,1898.5008,-1100,798.5008,3
1,180,108,23,1.375,-4,2268.487,3119.169625,-2200,919.169625,0
1,163,60,28,1.55,-2,1515.463,2348.96765,-1100,1248.96765,0
1,140,79,39,1.375,-2,1597.182,2196.12525,-1100,1096.12525,0
1,197,90,42,1.2,-2,2001.061,2401.2732,-1100,1301.2732,1
1,194,106,26,1.2,-2,2291.848,2750.2176,-1100,1650.2176,1
0,140,80,43,1.375,-2,1434.883,1972.964125,-1100,872.964125,3
1,195,98,39,1.2,-5,2115.67,2538.804,-2750,-211.196,2
0,168,115,29,1.375,-3,1905.892,2620.6015,-1650,970.6015,0
0,196,50,24,1.375,-5,1413.231,1943.192625,-2750,-806.807375,2
1,140,52,31,1.55,-4,1280.879,1985.36245,-2200,-214.63755,2
0,150,60,43,1.55,-1,1280.923,1985.43065,-550,1435.43065,1
0,168,140,15,1.55,-5,2197.687,3406.41485,-2750,656.41485,3
0,155,111,29,1.375,-3,1828.63,2514.36625,-1650,864.36625,3
0,179,103,20,1.375,-3,1867.976,2568.467,-1650,918.467,0
0,182,84,43,1.55,-3,1601.987,2483.07985,-1650,833.07985,3
1,168,120,19,1.2,-3,2394.371,2873.2452,-1650,1223.2452,0
0,187,102,32,1.9,-5,1831.553,3479.9507,-2750,729.9507,3
1,181,105,38,1.2,-2,2147.94,2577.528,-1100,1477.528,1
1,199,99,29,1.2,-2,2205.033,2646.0396,-1100,1546.0396,1
0,184,76,38,1.725,-3,1555.857,2683.853325,-1650,1033.853325,0
1,192,101,43,1.55,-5,2118.756,3284.0718,-2750,534.0718,3
0,182,143,27,1.2,-3,2216.84,2660.208,-1650,1010.208,0
0,172,111,40,1.375,-5,1833.666,2521.29075,-2750,-228.70925,2
1,181,78,29,1.375,-3,1837.314,2526.30675,-1650,876.30675,3
1,176,109,33,1.375,-4,2205.918,3033.13725,-2200,833.13725,3
0,156,106,24,1.55,-3,1807.143,2801.07165,-1650,1151.07165,0
0,151,67,21,1.725,-2,1444.01,2490.91725,-1100,1390.91725,1
0,188,80,21,1.375,-5,1678.847,2308.414625,-2750,-441.585375,2
1,187,80,28,1.2,-2,1898.579,2278.2948,-1100,1178.2948,0
1,174,80,38,1.55,-1,1779.422,2758.1041,-550,2208.1041,4
1,167,151,35,1.2,-3,2714.047,3256.8564,-1650,1606.8564,1
0,196,131,43,1.55,-4,2079.968,3223.9504,-2200,1023.9504,0
1,197,149,34,1.55,-5,2836.9,4397.195,-2750,1647.195,1
0,185,119,22,1.375,-3,2025.856,2785.552,-1650,1135.552,0
0,170,102,29,1.2,-5,1791.877,2150.2524,-2750,-599.7476,2
0,181,94,42,1.2,-5,1695.689,2034.8268,-2750,-715.1732,2
0,166,126,27,1.2,-3,2010.073,2412.0876,-1650,762.0876,3
1,188,90,30,1.55,-3,2025.994,3140.2907,-1650,1490.2907,1
0,162,74,18,1.725,-5,1555.807,2683.767075,-2750,-66.232925,2
1,177,117,30,1.2,-3,2334.924,2801.9088,-1650,1151.9088,0
1,162,97,20,1.9,-5,2051.769,3898.3611,-2750,1148.3611,0
1,180,73,40,1.725,-5,1703.083,2937.818175,-2750,187.818175,2
0,192,108,28,1.2,-2,1919.845,2303.814,-1100,1203.814,0
1,165,80,26,1.55,-4,1804.355,2796.75025,-2200,596.75025,3
0,167,135,22,1.375,-5,2118.044,2912.3105,-2750,162.3105,2
0,182,84,43,1.2,-1,1601.987,1922.3844,-550,1372.3844,1
0,161,134,39,1.55,-3,2016.599,3125.72845,-1650,1475.72845,1
1,158,95,42,1.2,-1,1880.885,2257.062,-550,1707.062,4
1,141,85,29,1.55,-3,1739.133,2695.65615,-1650,1045.65615,0
1,154,88,39,1.9,-4,1784.941,3391.3879,-2200,1191.3879,0
1,165,105,35,1.375,-3,2088.187,2871.257125,-1650,1221.257125,0
0,142,137,23,1.375,-3,2054.758,2825.29225,-1650,1175.29225,0
1,141,94,43,1.375,-3,1780.228,2447.8135,-1650,797.8135,3
1,145,108,29,1.2,-3,2066.46,2479.752,-1650,829.752,3
1,157,74,15,1.725,-5,1748.028,3015.3483,-2750,265.3483,2
0,177,117,26,1.2,-2,1965.258,2358.3096,-1100,1258.3096,0
0,166,144,40,1.2,-3,2120.229,2544.2748,-1650,894.2748,3
1,193,151,40,1.2,-4,2810.436,3372.5232,-2200,1172.5232,0
1,184,57,21,1.55,-3,1615.79,2504.4745,-1650,854.4745,3
1,179,93,19,1.2,-3,2085.441,2502.5292,-1650,852.5292,3
0,156,89,33,1.725,-5,1610.974,2778.93015,-2750,28.93015,2
1,182,104,43,1.725,-5,2110.957,3641.400825,-2750,891.400825,3
1,145,160,33,1.2,-4,2740.396,3288.4752,-2200,1088.4752,0
0,150,87,15,1.375,-2,1651.832,2271.269,-1100,1171.269,0
1,145,99,19,1.375,-3,2002.657,2753.653375,-1650,1103.653375,0
0,196,122,43,1.2,-5,1996.745,2396.094,-2750,-353.906,2
1,191,55,21,1.375,-3,1622.589,2231.059875,-1650,581.059875,3
0,148,67,28,1.2,-4,1404.406,1685.2872,-2200,-514.7128,2
0,150,84,17,1.55,-4,1615.431,2503.91805,-2200,303.91805,2
1,148,53,23,1.725,-3,1378.084,2377.1949,-1650,727.1949,3
0,153,146,43,1.2,-3,2085.459,2502.5508,-1650,852.5508,3
0,196,90,40,1.375,-3,1713.831,2356.517625,-1650,706.517625,3
0,185,52,32,1.2,-4,1363.007,1635.6084,-2200,-564.3916,2
0,171,131,35,1.55,-3,2037.158,3157.5949,-1650,1507.5949,1
0,143,118,34,1.375,-3,1834.533,2522.482875,-1650,872.482875,3
0,142,86,27,1.375,-5,1565.841,2153.031375,-2750,-596.968625,2
0,141,126,31,1.375,-1,1915.303,2633.541625,-550,2083.541625,4
1,159,109,34,1.725,-1,2118.658,3654.68505,-550,3104.68505,4
0,173,82,32,1.375,-4,1603.241,2204.456375,-2200,4.456375,2
1,183,138,22,1.2,-4,2690.471,3228.5652,-2200,1028.5652,0
0,152,90,19,1.375,-1,1668.449,2294.117375,-550,1744.117375,4
1,178,140,36,1.55,-5,2613.792,4051.3776,-2750,1301.3776,1
1,188,54,43,1.55,-1,1469.901,2278.34655,-550,1728.34655,4
0,155,144,22,1.9,-5,2164.091,4111.7729,-2750,1361.7729,1
1,166,70,43,1.375,-3,1578.675,2170.678125,-1650,520.678125,3
1,188,123,21,1.375,-2,2519.188,3463.8835,-1100,2363.8835,4
0,171,120,25,1.55,-4,1978.741,3067.04855,-2200,867.04855,3
1,179,130,21,1.9,-5,2569.776,4882.5744,-2750,2132.5744,4
0,186,137,20,1.9,-3,2204.06,4187.714,-1650,2537.714,4
0,153,78,27,1.9,-3,1525.943,2899.2917,-1650,1249.2917,0
0,184,86,43,1.375,-4,1626.677,2236.680875,-2200,36.680875,2
0,177,81,26,1.55,-4,1632.366,2530.1673,-2200,330.1673,2
1,145,78,43,1.9,-5,1585.072,3011.6368,-2750,261.6368,2
1,170,81,32,1.375,-2,1807.685,2485.566875,-1100,1385.566875,1
1,181,141,31,1.9,-3,2669.971,5072.9449,-1650,3422.9449,4
1,165,155,35,1.725,-4,2758.037,4757.613825,-2200,2557.613825,4
0,174,65,27,1.9,-3,1470.79,2794.501,-1650,1144.501,0
0,146,110,40,1.725,-3,1743.871,3008.177475,-1650,1358.177475,1
1,178,85,40,1.725,-2,1854.249,3198.579525,-1100,2098.579525,4
1,166,61,43,1.55,-1,1458.102,2260.0581,-550,1710.0581,4
1,191,62,45,1.375,-3,1580.12,2172.665,-1650,522.665,3
0,177,155,21,1.9,-4,2338.294,4442.7586,-2200,2242.7586,4
0,183,50,20,1.9,-5,1390.277,2641.5263,-2750,-108.4737,2
1,151,114,35,1.9,-4,2141.574,4068.9906,-2200,1868.9906,4
1,182,98,41,1.2,-4,2041.929,2450.3148,-2200,250.3148,2
0,142,159,34,1.9,-5,2210.562,4200.0678,-2750,1450.0678,1
0,188,90,33,1.375,-2,1719.357,2364.115875,-1100,1264.115875,0
1,161,89,34,1.725,-3,1860.316,3209.0451,-1650,1559.0451,1
1,153,70,28,1.2,-2,1601.443,1921.7316,-1100,821.7316,3
1,140,50,25,1.55,-1,1288.147,1996.62785,-550,1446.62785,1
1,169,63,33,1.375,-2,1556.063,2139.586625,-1100,1039.586625,0
0,162,59,42,1.375,-1,1313.182,1805.62525,-550,1255.62525,0
1,183,80,38,1.2,-4,1822.613,2187.1356,-2200,-12.8644,2
0,162,58,34,1.2,-5,1338.575,1606.29,-2750,-1143.71,2
0,172,109,20,1.2,-2,1901.772,2282.1264,-1100,1182.1264,0
0,150,119,21,1.375,-1,1921.756,2642.4145,-550,2092.4145,4
0,169,145,31,1.375,-4,2177.74,2994.3925,-2200,794.3925,3
0,184,132,33,1.375,-4,2095.339,2881.091125,-2200,681.091125,3
1,159,58,43,1.2,-2,1384.318,1661.1816,-1100,561.1816,3
1,163,58,19,1.9,-2,1539.762,2925.5478,-1100,1825.5478,4
1,156,80,20,1.55,-5,1795.226,2782.6003,-2750,32.6003,2
0,157,52,20,1.725,-5,1328.223,2291.184675,-2750,-458.815325,2
1,147,70,23,1.2,-5,1601.034,1921.2408,-2750,-828.7592,2
1,141,86,33,1.725,-3,1729.822,2983.94295,-1650,1333.94295,1
1,173,139,24,1.55,-3,2644.524,4099.0122,-1650,2449.0122,4
1,154,145,33,1.55,-3,2582.632,4003.0796,-1650,2353.0796,4
1,168,148,24,1.9,-3,2741.102,5208.0938,-1650,3558.0938,4
1,168,50,42,1.2,-5,1326.01,1591.212,-2750,-1158.788,2
1,145,130,21,1.55,-5,2406.61,3730.2455,-2750,980.2455,0
1,152,103,37,1.2,-5,1987.652,2385.1824,-2750,-364.8176,2
0,187,121,42,1.375,-2,1963.946,2700.42575,-1100,1600.42575,1
0,163,57,28,1.375,-1,1358.406,1867.80825,-550,1317.80825,1
1,178,83,41,1.375,-3,1821.778,2504.94475,-1650,854.94475,3
0,187,94,19,1.2,-3,1813.867,2176.6404,-1650,526.6404,3
0,179,114,41,1.2,-3,1878.763,2254.5156,-1650,604.5156,3
1,190,80,43,1.2,-3,1827.821,2193.3852,-1650,543.3852,3
1,172,75,21,1.55,-5,1799.348,2788.9894,-2750,38.9894,2
1,188,57,19,1.725,-3,1646.34,2839.9365,-1650,1189.9365,0
1,193,65,16,1.2,-1,1794.542,2153.4504,-550,1603.4504,1
0,147,60,32,1.725,-2,1319.259,2275.721775,-1100,1175.721775,0
0,147,94,36,1.2,-3,1616.337,1939.6044,-1650,289.6044,2
1,166,60,43,1.55,-2,1444.705,2239.29275,-1100,1139.29275,0
0,192,139,42,1.55,-4,2145.882,3326.1171,-2200,1126.1171,0
1,181,139,30,1.375,-4,2648.854,3642.17425,-2200,1442.17425,1
1,150,74,37,1.2,-4,1589.541,1907.4492,-2200,-292.5508,2
1,178,70,43,1.375,-2,1636.263,2249.861625,-1100,1149.861625,0
0,156,52,21,1.725,-3,1320.795,2278.371375,-1650,628.371375,3
1,149,100,30,1.2,-2,1972.803,2367.3636,-1100,1267.3636,0
1,156,74,21,1.2,-2,1709.167,2051.0004,-1100,951.0004,0
1,183,105,43,1.55,-5,2129.153,3300.18715,-2750,550.18715,3
0,162,68,43,1.9,-4,1392.075,2644.9425,-2200,444.9425,2
0,165,83,38,1.9,-4,1561.724,2967.2756,-2200,767.2756,3
0,168,143,22,1.375,-4,2195.118,3018.28725,-2200,818.28725,3
1,160,70,26,1.725,-3,1646.39,2840.02275,-1650,1190.02275,0
0,169,88,28,1.725,-4,1663.651,2869.797975,-2200,669.797975,3
0,140,76,43,1.725,-1,1397.895,2411.368875,-550,1861.368875,4
0,187,92,40,1.375,-1,1704.443,2343.609125,-550,1793.609125,4
1,151,82,32,1.725,-4,1729.901,2984.079225,-2200,784.079225,3
0,186,140,43,1.9,-2,2132.211,4051.2009,-1100,2951.2009,4
1,182,108,41,1.55,-2,2175.899,3372.64345,-1100,2272.64345,4
1,188,81,39,1.375,-1,1854.328,2549.701,-550,1999.701,4
1,179,110,41,1.725,-4,2188.296,3774.8106,-2200,1574.8106,1
0,156,126,23,1.2,-2,1996.413,2395.6956,-1100,1295.6956,1
1,188,114,28,1.725,-2,2358.876,4069.0611,-1100,2969.0611,4
1,183,153,36,1.375,-2,2811.948,3866.4285,-1100,2766.4285,4
1,144,88,43,1.9,-5,1714.243,3257.0617,-2750,507.0617,2
1,196,69,23,1.725,-2,1822.788,3144.3093,-1100,2044.3093,4
1,171,141,22,1.55,-3,2673.074,4143.2647,-1650,2493.2647,4
1,171,147,43,1.2,-3,2634.239,3161.0868,-1650,1511.0868,1
0,180,156,43,1.55,-3,2261.575,3505.44125,-1650,1855.44125,4
1,191,146,43,1.9,-2,2716.822,5161.9618,-1100,4061.9618,4
0,179,67,22,1.725,-4,1526.424,2633.0814,-2200,433.0814,2
0,180,60,38,1.2,-4,1395.513,1674.6156,-2200,-525.3844,2
0,154,132,36,1.375,-5,1989.409,2735.437375,-2750,-14.562625,2
1,188,99,17,1.2,-1,2220.368,2664.4416,-550,2114.4416,4
1,142,135,31,1.725,-5,2402.428,4144.1883,-2750,1394.1883,1
1,170,95,21,1.2,-4,2057.69,2469.228,-2200,269.228,2
1,152,141,25,1.2,-5,2564.862,3077.8344,-2750,327.8344,2
0,190,118,37,1.375,-5,1967.149,2704.829875,-2750,-45.170125,2
0,181,111,19,1.725,-5,1952.478,3368.02455,-2750,618.02455,3
1,153,104,40,1.55,-1,1988.817,3082.66635,-550,2532.66635,4
1,187,140,33,1.2,-1,2674.014,3208.8168,-550,2658.8168,4
0,144,66,38,1.375,-1,1339.467,1841.767125,-550,1291.767125,1
0,148,54,38,1.9,-3,1240.895,2357.7005,-1650,707.7005,3
0,199,92,19,1.55,-2,1832.549,2840.45095,-1100,1740.45095,4
0,167,85,33,1.725,-5,1608.064,2773.9104,-2750,23.9104,2
0,164,71,26,1.55,-4,1499.622,2324.4141,-2200,124.4141,2
0,185,102,36,1.55,-4,1808.037,2802.45735,-2200,602.45735,3
0,164,160,41,1.2,-2,2257.655,2709.186,-1100,1609.186,1
1,142,71,36,1.9,-2,1516.635,2881.6065,-1100,1781.6065,4
1,165,68,27,1.9,-1,1637.914,3112.0366,-550,2562.0366,4
0,172,62,33,1.375,-5,1410.873,1939.950375,-2750,-810.049625,2
0,157,56,43,1.375,-5,1265.621,1740.228875,-2750,-1009.771125,2
1,155,57,20,1.2,-3,1482.296,1778.7552,-1650,128.7552,2
0,167,153,20,1.9,-5,2293.15,4356.985,-2750,1606.985,1
0,164,126,63,1.9,-3,1847.997,3511.1943,-1650,1861.1943,4
0,189,125,42,1.375,-5,2007.13,2759.80375,-2750,9.80375,2
0,161,145,20,1.9,-3,2200.586,4181.1134,-1650,2531.1134,4
0,155,71,27,1.55,-4,1467.41,2274.4855,-2200,74.4855,2
0,171,118,29,1.55,-1,1942.927,3011.53685,-550,2461.53685,4
0,154,92,29,1.725,-1,1649.839,2845.972275,-550,2295.972275,4
1,179,83,43,1.375,-4,1815.223,2495.931625,-2200,295.931625,2
1,170,115,32,1.55,-2,2263.183,3507.93365,-1100,2407.93365,4
0,184,106,28,1.55,-5,1876.567,2908.67885,-2750,158.67885,2
0,191,68,43,1.725,-1,1481.917,2556.306825,-550,2006.306825,4
1,162,58,34,1.9,-4,1449.808,2754.6352,-2200,554.6352,3
1,178,138,32,1.725,-5,2609.706,4501.74285,-2750,1751.74285,4
0,157,60,45,1.9,-3,1293.949,2458.5031,-1650,808.5031,3
1,184,83,24,1.375,-4,1947.081,2677.236375,-2200,477.236375,2
1,197,88,24,1.725,-2,2076.453,3581.881425,-1100,2481.881425,4
0,160,51,36,1.55,-3,1258.99,1951.4345,-1650,301.4345,2
1,184,88,35,1.55,-3,1951.619,3025.00945,-1650,1375.00945,1
1,190,50,16,1.9,-3,1579.19,3000.461,-1650,1350.461,1
1,174,90,39,1.375,-2,1907.715,2623.108125,-1100,1523.108125,1
0,189,124,15,1.9,-4,2114.793,4018.1067,-2200,1818.1067,4
0,186,143,33,1.9,-1,2203.252,4186.1788,-550,3636.1788,4
0,180,58,24,1.2,-5,1437.639,1725.1668,-2750,-1024.8332,2
0,186,148,37,1.9,-2,2232.167,4241.1173,-1100,3141.1173,4
0,193,61,17,1.55,-5,1535.964,2380.7442,-2750,-369.2558,2
1,161,103,40,1.2,-5,2013.812,2416.5744,-2750,-333.4256,2
0,151,158,17,1.9,-5,2302.807,4375.3333,-2750,1625.3333,1
0,195,147,42,1.375,-1,2229.152,3065.084,-550,2515.084,4
0,184,152,30,1.2,-4,2293.269,2751.9228,-2200,551.9228,3
1,141,80,25,1.55,-2,1694.856,2627.0268,-1100,1527.0268,1
0,185,94,28,1.55,-3,1768.701,2741.48655,-1650,1091.48655,0
0,186,127,26,1.375,-3,2085.61,2867.71375,-1650,1217.71375,0
1,142,131,29,1.55,-1,2360.194,3658.3007,-550,3108.3007,4
0,147,67,25,1.9,-2,1414.298,2687.1662,-1100,1587.1662,1
1,151,62,41,1.55,-4,1410.868,2186.8454,-2200,-13.1546,2
0,160,124,27,1.2,-1,1972.991,2367.5892,-550,1817.5892,4
1,185,60,36,1.725,-4,1575.625,2717.953125,-2200,517.953125,3
0,163,63,38,1.725,-4,1370.588,2364.2643,-2200,164.2643,2
1,174,95,37,1.375,-4,1986.054,2730.82425,-2200,530.82425,3
0,150,144,20,1.375,-5,2157.261,2966.233875,-2750,216.233875,2
1,142,91,36,1.9,-2,1784.575,3390.6925,-1100,2290.6925,4
1,178,142,22,1.9,-1,2720.064,5168.1216,-550,4618.1216,4
0,154,96,28,1.2,-1,1691.157,2029.3884,-550,1479.3884,1
1,176,87,22,1.2,-5,1973.631,2368.3572,-2750,-381.6428,2
1,159,120,38,1.375,-4,2243.317,3084.560875,-2200,884.560875,3
1,191,62,36,1.55,-3,1631.213,2528.38015,-1650,878.38015,3
1,177,117,26,1.55,-5,2357.632,3654.3296,-2750,904.3296,0
1,151,154,38,1.9,-4,2660.423,5054.8037,-2200,2854.8037,4
0,182,149,39,1.55,-1,2220.362,3441.5611,-550,2891.5611,4
0,197,72,42,1.55,-1,1541.823,2389.82565,-550,1839.82565,4
1,146,138,19,1.2,-4,2529.939,3035.9268,-2200,835.9268,3
0,160,83,37,1.2,-3,1550.564,1860.6768,-1650,210.6768,2
0,157,66,22,1.9,-3,1449.021,2753.1399,-1650,1103.1399,0
0,150,50,41,1.375,-1,1197.113,1646.030375,-550,1096.030375,0
0,167,58,34,1.725,-4,1354.065,2335.762125,-2200,135.762125,2
0,180,70,31,1.9,-4,1518.293,2884.7567,-2200,684.7567,3
0,183,76,33,1.55,-4,1574.409,2440.33395,-2200,240.33395,2
0,183,87,23,1.725,-2,1719.426,2966.00985,-1100,1866.00985,4
0,152,154,29,1.9,-2,2216.957,4212.2183,-1100,3112.2183,4
0,164,71,26,1.9,-1,1499.622,2849.2818,-550,2299.2818,4
1,187,77,36,1.725,-3,1812.972,3127.3767,-1650,1477.3767,1
1,169,136,27,1.2,-1,2568.106,3081.7272,-550,2531.7272,4
0,149,61,19,1.375,-2,1390.992,1912.614,-1100,812.614,3
1,163,137,36,1.375,-2,2501.616,3439.722,-1100,2339.722,4
0,195,104,22,1.2,-2,1918.131,2301.7572,-1100,1201.7572,0
1,174,107,25,1.9,-4,2214.942,4208.3898,-2200,2008.3898,4
1,182,70,24,1.2,-1,1763.322,2115.9864,-550,1565.9864,1
1,169,110,31,1.2,-3,2197.076,2636.4912,-1650,986.4912,0
1,193,130,37,1.725,-5,2546.13,4392.07425,-2750,1642.07425,1
1,148,141,26,1.55,-1,2539.989,3936.98295,-550,3386.98295,4
1,186,68,27,1.375,-4,1738.693,2390.702875,-2200,190.702875,2
1,165,143,18,1.725,-3,2693.782,4646.77395,-1650,2996.77395,4
0,146,123,39,1.375,-2,1868.412,2569.0665,-1100,1469.0665,1
0,166,133,35,1.725,-1,2040.162,3519.27945,-550,2969.27945,4
1,179,56,26,1.375,-2,1550.013,2131.267875,-1100,1031.267875,0
0,177,101,18,1.375,-5,1851.946,2546.42575,-2750,-203.57425,2
1,181,154,34,1.725,-4,2827.101,4876.749225,-2200,2676.749225,4
0,161,154,54,1.375,-2,2136.589,2937.809875,-1100,1837.809875,4
0,157,103,45,1.55,-4,1691.57,2621.9335,-2200,421.9335,2
0,169,98,24,1.725,-1,1773.441,3059.185725,-550,2509.185725,4
0,152,114,25,1.55,-1,1864.397,2889.81535,-550,2339.81535,4
0,162,64,17,1.2,-5,1467.667,1761.2004,-2750,-988.7996,2
1,162,130,27,1.2,-3,2454.131,2944.9572,-1650,1294.9572,1
0,177,61,41,1.375,-5,1382.476,1900.9045,-2750,-849.0955,2
0,195,61,39,1.55,-3,1446.9,2242.695,-1650,592.695,3
1,140,146,24,1.375,-1,2579.936,3547.412,-550,2997.412,4
0,186,146,24,1.55,-3,2269.963,3518.44265,-1650,1868.44265,4
0,178,107,24,1.725,-3,1884.546,3250.84185,-1650,1600.84185,1
1,174,54,33,1.725,-1,1459.485,2517.611625,-550,1967.611625,4
0,180,59,37,1.9,-5,1390.596,2642.1324,-2750,-107.8676,2
1,188,141,39,1.55,-4,2658.148,4120.1294,-2200,1920.1294,4
0,187,130,17,1.9,-3,2155.419,4095.2961,-1650,2445.2961,4
0,153,77,27,1.2,-4,1516.696,1820.0352,-2200,-379.9648,2
0,165,95,36,1.9,-1,1681.348,3194.5612,-550,2644.5612,4
0,178,79,41,1.55,-3,1552.02,2405.631,-1650,755.631,3
0,163,154,34,1.725,-4,2229.385,3845.689125,-2200,1645.689125,1
0,150,97,19,1.9,-3,1726.982,3281.2658,-1650,1631.2658,1
1,179,127,37,1.375,-5,2438.753,3353.285375,-2750,603.285375,3
1,165,62,32,1.375,-5,1529.147,2102.577125,-2750,-647.422875,2
1,168,158,16,1.55,-3,2920.488,4526.7564,-1650,2876.7564,4
0,153,133,39,1.375,-2,1982.568,2726.031,-1100,1626.031,1
1,184,157,25,1.2,-4,2932.782,3519.3384,-2200,1319.3384,1
1,188,65,37,1.2,-1,1651.33,1981.596,-550,1431.596,1
0,166,153,28,1.375,-2,2255.412,3101.1915,-1100,2001.1915,4
0,172,116,24,1.9,-3,1949.181,3703.4439,-1650,2053.4439,4
1,182,73,21,1.9,-2,1820.544,3459.0336,-1100,2359.0336,4
1,143,149,30,1.9,-1,2600.462,4940.8778,-550,4390.8778,4
1,152,146,27,1.9,-5,2620.493,4978.9367,-2750,2228.9367,4
0,186,128,26,1.9,-2,2094.857,3980.2283,-1100,2880.2283,4
1,159,140,36,1.2,-5,2522.611,3027.1332,-2750,277.1332,2
1,146,70,24,1.9,-2,1590.558,3022.0602,-1100,1922.0602,4
0,176,121,34,1.375,-1,1964.508,2701.1985,-550,2151.1985,4
0,146,101,30,1.55,-3,1703.948,2641.1194,-1650,991.1194,0
1,159,145,22,1.55,-2,2669.074,4137.0647,-1100,3037.0647,4
1,162,157,46,1.725,-5,2707.987,4671.277575,-2750,1921.277575,4
0,172,90,27,1.725,-4,1695.769,2925.201525,-2200,725.201525,3
0,169,121,25,1.2,-1,1981.792,2378.1504,-550,1828.1504,4
1,182,50,42,1.375,-5,1393.196,1915.6445,-2750,-834.3555,2
0,183,79,33,1.725,-5,1602.15,2763.70875,-2750,13.70875,2
1,176,77,43,1.55,-5,1720.444,2666.6882,-2750,-83.3118,2
0,188,128,42,1.9,-1,2031.773,3860.3687,-550,3310.3687,4
0,175,83,41,1.55,-5,1579.714,2448.5567,-2750,-301.4433,2
1,154,81,36,1.2,-5,1708.193,2049.8316,-2750,-700.1684,2
0,184,147,28,1.2,-4,2255.694,2706.8328,-2200,506.8328,2
1,179,123,17,1.725,-4,2498.705,4310.266125,-2200,2110.266125,4
1,152,132,22,1.2,-5,2461.32,2953.584,-2750,203.584,2
1,179,56,25,1.375,-2,1555.69,2139.07375,-1100,1039.07375,0
0,145,141,24,1.55,-2,2096.71,3249.9005,-1100,2149.9005,4
0,181,80,38,1.2,-5,1583.551,1900.2612,-2750,-849.7388,2
1,158,127,22,1.9,-4,2423.129,4603.9451,-2200,2403.9451,4
0,188,99,25,1.725,-5,1837.22,3169.2045,-2750,419.2045,2
1,145,142,23,1.725,-5,2556.02,4409.1345,-2750,1659.1345,1
1,161,115,29,1.725,-1,2237.023,3858.864675,-550,3308.864675,4
1,198,109,29,1.725,-5,2334.204,4026.5019,-2750,1276.5019,1
1,147,142,19,1.9,-2,2588.326,4917.8194,-1100,3817.8194,4
1,154,112,34,1.9,-2,2134.854,4056.2226,-1100,2956.2226,4
0,178,65,27,1.55,-4,1483.182,2298.9321,-2200,98.9321,2
1,195,153,58,1.55,-2,2744.642,4254.1951,-1100,3154.1951,4
0,167,79,25,1.2,-4,1587.222,1904.6664,-2200,-295.3336,2
1,183,90,42,1.55,-3,1933.875,2997.50625,-1650,1347.50625,1
0,164,44,26,1.375,-1,1249.953,1718.685375,-550,1168.685375,0
1,167,64,37,1.375,-1,1537.154,2113.58675,-550,1563.58675,1
0,151,55,41,1.725,-1,1246.446,2150.11935,-550,1600.11935,1
0,147,55,17,1.725,-2,1337.974,2308.00515,-1100,1208.00515,0
0,155,54,27,1.2,-1,1310.211,1572.2532,-550,1022.2532,0
0,172,108,40,1.55,-1,1805.925,2799.18375,-550,2249.18375,4
0,150,44,20,1.2,-1,1232.561,1479.0732,-550,929.0732,0
1,146,85,19,1.55,-3,1819.898,2820.8419,-1650,1170.8419,0
0,188,115,20,1.2,-2,2006.822,2408.1864,-1100,1308.1864,1
1,173,111,28,1.55,-3,2246.7,3482.385,-1650,1832.385,4
0,160,109,31,1.9,-5,1816.966,3452.2354,-2750,702.2354,3
1,187,80,22,1.9,-4,1932.641,3672.0179,-2200,1472.0179,1
1,198,93,39,1.725,-5,2063.082,3558.81645,-2750,808.81645,3
0,179,150,39,1.9,-2,2220.315,4218.5985,-1100,3118.5985,4
0,164,59,18,1.55,-5,1423.298,2206.1119,-2750,-543.8881,2
0,146,147,18,1.725,-3,2181.27,3762.69075,-1650,2112.69075,4
0,198,50,22,1.55,-4,1428.087,2213.53485,-2200,13.53485,2
0,170,53,18,1.2,-1,1386.404,1663.6848,-550,1113.6848,0
1,152,98,29,1.375,-5,1966.083,2703.364125,-2750,-46.635875,2
0,150,153,25,1.9,-5,2218.834,4215.7846,-2750,1465.7846,1
0,184,121,41,1.55,-4,1958.982,3036.4221,-2200,836.4221,3
0,141,136,37,1.375,-2,1981.793,2724.965375,-1100,1624.965375,1
1,150,95,39,1.725,-4,1859.524,3207.6789,-2200,1007.6789,0
1,173,131,25,1.2,-2,2531.671,3038.0052,-1100,1938.0052,4
0,185,115,24,1.2,-4,1980.208,2376.2496,-2200,176.2496,2
0,170,90,24,1.55,-4,1702.563,2638.97265,-2200,438.97265,2
0,160,43,20,1.375,-3,1254.294,1724.65425,-1650,74.65425,2
0,165,115,24,1.2,-4,1918.248,2301.8976,-2200,101.8976,2
0,183,115,20,1.375,-4,1991.332,2738.0815,-2200,538.0815,3
0,171,70,17,1.55,-4,1551.031,2404.09805,-2200,204.09805,2